/**insercciones*/
use bdLibreria;
INSERT INTO CLIENTES(Idcliente,Apellidos,Nombre,Direccion,Telefono)	VALUES (1,'Davolio','Nancy','507 - 20th Ave. E.','206-555-9857');
INSERT INTO CLIENTES(Idcliente,Apellidos,Nombre,Direccion,Telefono)	VALUES (2,'Fuller','Andrew','908 W. Capital Way','206-555-9482');
INSERT INTO CLIENTES(Idcliente,Apellidos,Nombre,Direccion,Telefono)	VALUES (3,'Leverling','Janet','722 Moss Bay Blvd.','206-555-3412');
INSERT INTO CLIENTES(Idcliente,Apellidos,Nombre,Direccion,Telefono)	VALUES (4,'Peacock','Margaret','4110 Old Redmond Rd.','206-555-8122');         
INSERT INTO CLIENTES(Idcliente,Apellidos,Nombre,Direccion,Telefono)	VALUES (5,'Buchanan','Steven','13920 S.E. 40th Street','206-555-4869');
INSERT INTO CLIENTES(Idcliente,Apellidos,Nombre,Direccion,Telefono)	VALUES (6,'Suyama','Michael','112 Pike','206-555-9898');
INSERT INTO CLIENTES(Idcliente,Apellidos,Nombre,Direccion,Telefono) VALUES (7,'King','Robert','Edgeham Hollow','71-555-5598');
INSERT INTO CLIENTES(Idcliente,Apellidos,Nombre,Direccion,Telefono)	VALUES (8,'Callahan','Laura','4726 148th N.E.','206-555-1189');
INSERT INTO CLIENTES(Idcliente,Apellidos,Nombre,Direccion,Telefono)	VALUES (9,'Dodsworth','Anne','7 Houndstooth Rd.','71-555-4444');
INSERT INTO CLIENTES(Idcliente,Apellidos,Nombre,Direccion,Telefono)	VALUES (10,'Viescas','John','15127 NE 24th, Suite 383 ','206-881-5596');
INSERT INTO AUTORES(idautor,nombre,apellidos,nacionalidad) VALUES (1,'Russell','Borland','Ukrania');
INSERT INTO AUTORES(idautor,nombre,apellidos,nacionalidad) VALUES(4,'Helen','Custer','USA');
INSERT INTO AUTORES(idautor,nombre,apellidos,nacionalidad) VALUES (5,'Mark','Dodge','UK');
INSERT INTO AUTORES(idautor,nombre,apellidos,nacionalidad) VALUES(6,'Chris','Kinata','Ukrania');
INSERT INTO AUTORES(idautor,nombre,apellidos,nacionalidad) VALUES (7,'Frank','Fjermedal','Israel');
INSERT INTO AUTORES(idautor,nombre,apellidos,nacionalidad) VALUES (8,'Kyle','Geiger','Germany');
INSERT INTO AUTORES(idautor,nombre,apellidos,nacionalidad) VALUES(9,'Michael','Halvorson','USA');
INSERT INTO AUTORES(idautor,nombre,apellidos,nacionalidad) VALUES (10,'Adrian','King','UK');
INSERT INTO AUTORES(idautor,nombre,apellidos,nacionalidad) VALUES (11,'Steve','McConell','Germany');

INSERT INTO LIBROS(ISBN,Titulo,Precio,idautor) VALUES ('1-55615-481-X','Inside Windows NT tm',24.95,5);
INSERT INTO LIBROS(ISBN,Titulo,Precio,IdAutor) VALUES ('1-55615-484-4','Code Complete',35,6);
INSERT INTO LIBROS(ISBN,Titulo,Precio,IdAutor) VALUES ('1-55615-581-6','Field Guide Access® 2 for Windows®',9.95,1);
INSERT INTO LIBROS(ISBN,Titulo,Precio,IdAutor) VALUES ('1-55615-583-2','Adventures in Space Simulator',22.95,4);
INSERT INTO LIBROS(ISBN,Titulo,Precio,IdAutor) VALUES ('1-55615-592-1','Running Access®2 for Windows®',39.95,8);
INSERT INTO LIBROS(ISBN,Titulo,Precio,IdAutor) VALUES ('1-55615-626-X ','Inside Windows® 95',24.95,1);
INSERT INTO LIBROS(ISBN,Titulo,Precio,IdAutor) VALUES ('1-55615-627-8','The Ultimate MS-DOS® Book',22.95,7);
INSERT INTO LIBROS(ISBN,Titulo,Precio,IdAutor) VALUES ('1-55615-660-X','Inside the Windows NT tm File System',9.95,4);
INSERT INTO LIBROS(ISBN,Titulo,Precio,IdAutor) VALUES ('1-55615-663-4','Winning Chess Strategies',9.95,1);
INSERT INTO LIBROS(ISBN,Titulo,Precio,IdAutor) VALUES('1-55615-665-0','Developing Applications with Microsoft® Office',39.95,5);
INSERT INTO LIBROS(ISBN,Titulo,Precio,IdAutor) VALUES('1-55615-667-7','Hardcore Visual Basic®',39.95,8);
INSERT INTO LIBROS(ISBN,Titulo,Precio,IdAutor) VALUES('1-55615-668-5','Communications Programming For Windows® 95',39.95,4);
INSERT INTO LIBROS(ISBN,Titulo,Precio,IdAutor) VALUES('1-55615-669-3','Animation Techniques in Win32®',34.95,7);
INSERT INTO LIBROS(ISBN,Titulo,Precio,IdAutor) VALUES('1-55615-670-7','The Ultimate Microsoft® Windows® 95 Book',24.95,1);
INSERT INTO LIBROS(ISBN,Titulo,Precio,IdAutor) VALUES ('1-55615-674-X','Running Microsoft® Windows® 95',39.95,7);	
INSERT INTO LIBROS(ISBN,Titulo,Precio,IdAutor) VALUES ('1-55615-675-8','Field Guide to Microsoft® Windows® 95',9.95,7);
INSERT INTO LIBROS(ISBN,Titulo,Precio,IdAutor) VALUES ('1-55615-677-4','Advanced Windows',44.95,4);
INSERT INTO LIBROS(ISBN,Titulo,Precio,IdAutor) VALUES ('1-55615-815-7','Inside ODBC',39.95,6);
INSERT INTO LIBROS(ISBN,Titulo,Precio,IdAutor) VALUES ('1-55615-817-3','Traveling The Microsoft® Network',19.95,1);	
INSERT INTO LIBROS(ISBN,Titulo,Precio,IdAutor) VALUES ('1-55615-822-X','Field Guide to the Internet',9.95,8);
INSERT INTO LIBROS(ISBN,Titulo,Precio,IdAutor) VALUES ('1-55615-828-9','Microsoft® Word for Windows® 95 Step Step',29.95,7);
INSERT INTO LIBROS(ISBN,Titulo,Precio,IdAutor) VALUES ('1-55615-831-9','Running Microsoft® Excel for Windows® 95',29.95,1);
INSERT INTO LIBROS(ISBN,Titulo,Precio,IdAutor) VALUES ('1-55615-832-7','Field Guide to Microsoft® Word Windows® 95',9.95,5);
INSERT INTO LIBROS(ISBN,Titulo,Precio,IdAutor) VALUES ('1-55615-839-4','Field Guide to Microsoft® Excel Windows® 95',9.95,5);
INSERT INTO LIBROS(ISBN,Titulo,Precio,IdAutor) VALUES ('1-55615-843-2','Inside OLE',49.95,9);
INSERT INTO LIBROS(ISBN,Titulo,Precio,IdAutor) VALUES ('1-55615-848-3','Running Microsoft® Word for Windows® 95',29.95,4);
INSERT INTO LIBROS(ISBN,Titulo,Precio,IdAutor) VALUES ('1-55615-852-1','Running Microsoft® PowerPoint® Windows® 95',24.95,5);
INSERT INTO LIBROS(ISBN,Titulo,Precio,IdAutor) VALUES ('1-55615-875-0','Field Guide Microsoft® Access for Windows® 95',9.95,1);
INSERT INTO LIBROS(ISBN,Titulo,Precio,IdAutor) VALUES ('1-55615-876-9','Microsoft® Access® for Step by Step',29.95,9);
INSERT INTO LIBROS(ISBN,Titulo,Precio,IdAutor) VALUES ('1-55615-886-6','Running Microsoft Access for Windows® 95',39.95,10);
INSERT INTO LIBROS(ISBN,Titulo,Precio,IdAutor) VALUES ('1-55615-894-7','Ultimate Microsoft® Office Book',24.95,8);
INSERT INTO LIBROS(ISBN,Titulo,Precio,IdAutor) VALUES ('1-55615-897-1','Running Microsoft® Office Windows® 95',29.95,9);
INSERT INTO LIBROS(ISBN,Titulo,Precio,IdAutor) VALUES ('1-55615-898-X','Microsoft Office for Windows®',39.95,10);
INSERT INTO LIBROS(ISBN,Titulo,Precio,IdAutor) VALUES ('1-55615-899-8','Programming with Visual Basic 4',39.95,10);
INSERT INTO LIBROS(ISBN,Titulo,Precio,IdAutor) VALUES ('1-55615-905-6','Microsoft® Visual Basic® Now',39.95,6);
INSERT INTO LIBROS(ISBN,Titulo,Precio,IdAutor) VALUES('1-55615-906-4','Guide Visual Basic® and SQL Server',44.95,4);
INSERT INTO LIBROS(ISBN,Titulo,Precio,IdAutor) VALUES('1-55615-910-2','Winning Chess Brilliancies',9.95,8);
INSERT INTO LIBROS(ISBN,Titulo,Precio,IdAutor) VALUES('1-55615-948-X','HTML In Action',29.95,9);
INSERT INTO LIBROS(ISBN,Titulo,Precio,IdAutor) VALUES ('1-57231-210-6','Winning Chess Tactics',9.95,9);
INSERT INTO LIBROS(ISBN,Titulo,Precio,IdAutor) VALUES ('1-57231-232-7','Client/Server Microsoft® Visual Basic®',34.95,4);
INSERT INTO LIBROS(ISBN,Titulo,Precio,IdAutor) VALUES ('1-57231-237-8','Desktop Publishing By Design',39.95,6);
INSERT INTO LIBROS(ISBN,Titulo,Precio,IdAutor) VALUES ('1-57231-304-8','Build Your Own Web Site',29.95,11);
INSERT INTO LIBROS(ISBN,Titulo,Precio,IdAutor) VALUES ('1-57231-320-x','Running Microsoft® Word 97  Windows®',29.95,5);
INSERT INTO LIBROS(ISBN,Titulo,Precio,IdAutor) VALUES  ('1-57231-321-8','Running Microsoft® Excel 97  Windows®',29.95,6);
INSERT INTO LIBROS(ISBN,Titulo,Precio,IdAutor) VALUES ('1-57231-322-6','Running Microsoft® Office 97 Windows®',29.95,6);
INSERT INTO LIBROS(ISBN,Titulo,Precio,IdAutor) VALUES ('1-57231-323-4','Running Microsoft® Access® 97 Windows®',39.95,5);
INSERT INTO LIBROS(ISBN,Titulo,Precio,IdAutor) VALUES ('1-57231-324-2','Running Microsoft® PowerPoint Windows®',24.95,11);

INSERT INTO LIBRERIAS(idlibreria,nombre,direccion,ciudad,telefono) VALUES(1,'Madison Books & Computers','8006-5 Madison','Madison','205-772-92');
INSERT INTO LIBRERIAS(idlibreria,nombre,direccion,ciudad,telefono) VALUES (2,'Cook Inlet Book Company','415 West Fifth Ave','Anchorage','907-258-45');
INSERT INTO LIBRERIAS(idlibreria,nombre,direccion,ciudad,telefono) VALUES (3,'ASU Bookstore','Arizona State','Tempe','602-965-79');
INSERT INTO LIBRERIAS(idlibreria,nombre,direccion,ciudad,telefono) VALUES (4,'ASUA Bookstore Warehouse','850 E. 18th St.','Tucson','602-621-28');
INSERT INTO LIBRERIAS(idlibreria,nombre,direccion,ciudad,telefono) VALUES (5,'Book Mark','5001 East Speedway','Tucson','602-881-63');
INSERT INTO LIBRERIAS(idlibreria,nombre,direccion,ciudad,telefono) VALUES (6,'A Clean Well-Lighted Place','21269 Stevens','Cupertino','408-255-76');
INSERT INTO LIBRERIAS(idlibreria,nombre,direccion,ciudad,telefono) VALUES (7,'A Clean Well-Lighted Place','2417 Larkspur','Larkspur','415-461-01');
INSERT INTO LIBRERIAS(idlibreria,nombre,direccion,ciudad,telefono) VALUES (8,'A Clean Well-Lighted Place','Opera Plaza, 601','San Francisco','415-441-66');
INSERT INTO LIBRERIAS(idlibreria,nombre,direccion,ciudad,telefono) VALUES (9,'ASUC Student Union Building','Bancroft Way and','Berkeley','510-642-72');
INSERT INTO LIBRERIAS(idlibreria,nombre,direccion,ciudad,telefono) VALUES (10,'Basic Living Products','1321 67th St.','Emeryville','510-428-16');
INSERT INTO LIBRERIAS(idlibreria,nombre,direccion,ciudad,telefono) VALUES (11,'Books Inc.','120 Park Lane','Brisbane','415-468-61');
INSERT INTO LIBRERIAS(idlibreria,nombre,direccion,ciudad,telefono) VALUES(12,'Bookshop Santa Cruz','1520 Pacific Ave.','Santa Cruz','408-423-09');



INSERT INTO PEDIDOS(Idpedido,Fechapedido,Descuento,Idcliente,Idlibreria) VALUES  (2,'1996-07-01',5,9,2);
INSERT INTO PEDIDOS(Idpedido,Fechapedido,Descuento,Idcliente,Idlibreria) VALUES (3,'1996-07-01',5,9,1);
INSERT INTO PEDIDOS(Idpedido,Fechapedido,Descuento,Idcliente,Idlibreria) VALUES (4,'1996-07-01',5,3,2);
INSERT INTO PEDIDOS(Idpedido,Fechapedido,Descuento,Idcliente,Idlibreria) VALUES (5,'1996-07-01',5,3,4);
INSERT INTO PEDIDOS(Idpedido,Fechapedido,Descuento,Idcliente,Idlibreria) VALUES (6,'1996-07-01',5,6,4);
INSERT INTO PEDIDOS(Idpedido,Fechapedido,Descuento,Idcliente,Idlibreria) VALUES (7,'1996-07-02',5,9,5);
INSERT INTO PEDIDOS(Idpedido,Fechapedido,Descuento,Idcliente,Idlibreria) VALUES (8,'1996-07-02',5,6,10);
INSERT INTO PEDIDOS(Idpedido,Fechapedido,Descuento,Idcliente,Idlibreria) VALUES (9,'1996-07-03',5,6,1);
INSERT INTO PEDIDOS(Idpedido,Fechapedido,Descuento,Idcliente,Idlibreria) VALUES (10,'1996-07-03',5,5,10);
INSERT INTO PEDIDOS(Idpedido,Fechapedido,Descuento,Idcliente,Idlibreria) VALUES (11,'1996-07-04',5,4,12);
INSERT INTO PEDIDOS(Idpedido,Fechapedido,Descuento,Idcliente,Idlibreria) VALUES (12,'1996-07-04',5,10,2);
INSERT INTO PEDIDOS(Idpedido,Fechapedido,Descuento,Idcliente,Idlibreria) VALUES (13,'1996-07-04',5,2,1);
INSERT INTO PEDIDOS(Idpedido,Fechapedido,Descuento,Idcliente,Idlibreria) VALUES  (14,'1996-07-04',4,6,2);
INSERT INTO PEDIDOS(Idpedido,Fechapedido,Descuento,Idcliente,Idlibreria) VALUES (15,'1996-07-04',4,2,2);
INSERT INTO PEDIDOS(Idpedido,Fechapedido,Descuento,Idcliente,Idlibreria) VALUES (16,'1996-07-05',10,3,2);
INSERT INTO PEDIDOS(Idpedido,Fechapedido,Descuento,Idcliente,Idlibreria) VALUES (17,'1996-07-06',5,4,2);
INSERT INTO PEDIDOS(Idpedido,Fechapedido,Descuento,Idcliente,Idlibreria) VALUES (18,'1996-07-07',5,10,3);
INSERT INTO PEDIDOS(Idpedido,Fechapedido,Descuento,Idcliente,Idlibreria) VALUES (19,'1996-07-07',5,7,4);
INSERT INTO PEDIDOS(Idpedido,Fechapedido,Descuento,Idcliente,Idlibreria) VALUES (20,'1996-07-07',5,5,4);
INSERT INTO PEDIDOS(Idpedido,Fechapedido,Descuento,Idcliente,Idlibreria) VALUES (21,'1996-07-08',5,8,2);
INSERT INTO PEDIDOS(Idpedido,Fechapedido,Descuento,Idcliente,Idlibreria) VALUES (22,'1996-07-08',5,2,12);
INSERT INTO PEDIDOS(Idpedido,Fechapedido,Descuento,Idcliente,Idlibreria) VALUES (23,'1996-07-08',5,1,2);
INSERT INTO PEDIDOS(Idpedido,Fechapedido,Descuento,Idcliente,Idlibreria) VALUES (24,'1996-07-08',4,9,3);
INSERT INTO PEDIDOS(Idpedido,Fechapedido,Descuento,Idcliente,Idlibreria) VALUES (25,'1996-07-08',4,5,3);
INSERT INTO PEDIDOS(Idpedido,Fechapedido,Descuento,Idcliente,Idlibreria) VALUES (26,'1996-07-08',4,10,1);
 INSERT INTO PEDIDOS(Idpedido,Fechapedido,Descuento,Idcliente,Idlibreria) VALUES (27,'1996-07-09',10,9,1);
 INSERT INTO PEDIDOS(Idpedido,Fechapedido,Descuento,Idcliente,Idlibreria) VALUES (28,'1996-07-10',10,3,1);
 INSERT INTO PEDIDOS(Idpedido,Fechapedido,Descuento,Idcliente,Idlibreria) VALUES (29,'1996-07-10',4,7,3);
 INSERT INTO PEDIDOS(Idpedido,Fechapedido,Descuento,Idcliente,Idlibreria) VALUES (30,'1996-07-10',4,8,4);
 INSERT INTO PEDIDOS(Idpedido,Fechapedido,Descuento,Idcliente,Idlibreria) VALUES (31,'1996-07-10',4,3,5);
 INSERT INTO PEDIDOS(Idpedido,Fechapedido,Descuento,Idcliente,Idlibreria) VALUES (32,'1996-07-10',4,8,9);
INSERT INTO PEDIDOS(Idpedido,Fechapedido,Descuento,Idcliente,Idlibreria) VALUES (33,'1996-07-11',5,8,10);
INSERT INTO PEDIDOS(Idpedido,Fechapedido,Descuento,Idcliente,Idlibreria) VALUES (34,'1996-07-12',5,4,8);
INSERT INTO PEDIDOS(Idpedido,Fechapedido,Descuento,Idcliente,Idlibreria) VALUES  (35,'1996-07-12',4,6,8);
INSERT INTO PEDIDOS(Idpedido,Fechapedido,Descuento,Idcliente,Idlibreria) VALUES (36,'1996-07-12',4,7,9);
INSERT INTO PEDIDOS(Idpedido,Fechapedido,Descuento,Idcliente,Idlibreria) VALUES (37,'1996-07-12',5,1,3);
INSERT INTO PEDIDOS(Idpedido,Fechapedido,Descuento,Idcliente,Idlibreria) VALUES (38,'1996-07-13',6,9,3);
INSERT INTO PEDIDOS(Idpedido,Fechapedido,Descuento,Idcliente,Idlibreria) VALUES (39,'1996-07-13',5,4,3);
INSERT INTO PEDIDOS(Idpedido,Fechapedido,Descuento,Idcliente,Idlibreria) VALUES (40,'1996-07-14',4,8,1);
INSERT INTO PEDIDOS(Idpedido,Fechapedido,Descuento,Idcliente,Idlibreria) VALUES (41,'1996-07-14',4,8,1);
INSERT INTO PEDIDOS(Idpedido,Fechapedido,Descuento,Idcliente,Idlibreria) VALUES (42,'1996-07-15',4,1,1);
INSERT INTO PEDIDOS(Idpedido,Fechapedido,Descuento,Idcliente,Idlibreria) VALUES (43,'1996-07-15',5,9,6);
INSERT INTO PEDIDOS(Idpedido,Fechapedido,Descuento,Idcliente,Idlibreria) VALUES (44,'1996-07-16',5,6,4);
INSERT INTO PEDIDOS(Idpedido,Fechapedido,Descuento,Idcliente,Idlibreria) VALUES (45,'1996-07-16',5,3,4);
INSERT INTO PEDIDOS(Idpedido,Fechapedido,Descuento,Idcliente,Idlibreria) VALUES (46,'1996-07-16',5,6,8);
 INSERT INTO PEDIDOS(Idpedido,Fechapedido,Descuento,Idcliente,Idlibreria) VALUES (47,'1996-07-16',5,9,3);

INSERT INTO DETALLESPEDIDOS(cantidad,ISBN,idpedido)VALUES(5,'1-55615-592-1',2);
INSERT INTO DETALLESPEDIDOS(cantidad,ISBN,idpedido)VALUES(9,'1-55615-675-8',2);
INSERT INTO DETALLESPEDIDOS(cantidad,ISBN,idpedido)VALUES(6,'1-55615-852-1',2);
INSERT INTO DETALLESPEDIDOS(cantidad,ISBN,idpedido)VALUES(1,'1-55615-948-x',2);
INSERT INTO DETALLESPEDIDOS(cantidad,ISBN,idpedido)VALUES(8,'1-55615-481-x',3);
INSERT INTO DETALLESPEDIDOS(cantidad,ISBN,idpedido)VALUES(2,'1-55615-875-0',3);
INSERT INTO DETALLESPEDIDOS(cantidad,ISBN,idpedido)VALUES(4,'1-57231-304-8',3);
INSERT INTO DETALLESPEDIDOS(cantidad,ISBN,idpedido)VALUES(6,'1-55615-481-x',4);
INSERT INTO DETALLESPEDIDOS(cantidad,ISBN,idpedido)VALUES(4,'1-55615-627-8',4);
INSERT INTO DETALLESPEDIDOS(cantidad,ISBN,idpedido)VALUES(4,'1-55615-675-8',4);
INSERT INTO DETALLESPEDIDOS(cantidad,ISBN,idpedido)VALUES(2,'1-55615-832-7',4);
INSERT INTO DETALLESPEDIDOS(cantidad,ISBN,idpedido)VALUES(11,'1-55615-886-6',4);
INSERT INTO DETALLESPEDIDOS(cantidad,ISBN,idpedido)VALUES(6,'1-55615-910-2',4);
INSERT INTO DETALLESPEDIDOS(cantidad,ISBN,idpedido)VALUES(10,'1-55615-581-6',5);
INSERT INTO DETALLESPEDIDOS(cantidad,ISBN,idpedido)VALUES(12,'1-55615-627-8',5);
INSERT INTO DETALLESPEDIDOS(cantidad,ISBN,idpedido)VALUES(9,'1-55615-668-5',5);
INSERT INTO DETALLESPEDIDOS(cantidad,ISBN,idpedido)VALUES(2,'1-55615-677-4',5);
INSERT INTO DETALLESPEDIDOS(cantidad,ISBN,idpedido)VALUES(3,'1-55615-831-9',5);
INSERT INTO DETALLESPEDIDOS(cantidad,ISBN,idpedido)VALUES(5,'1-55615-852-1',5);
INSERT INTO DETALLESPEDIDOS(cantidad,ISBN,idpedido)VALUES(3,'1-55615-897-1',5);
INSERT INTO DETALLESPEDIDOS(cantidad,ISBN,idpedido)VALUES(5,'1-55615-910-2',5);
INSERT INTO DETALLESPEDIDOS(cantidad,ISBN,idpedido)VALUES(11,'1-55615-481-x',6);
INSERT INTO DETALLESPEDIDOS(cantidad,ISBN,idpedido)VALUES(9,'1-55615-906-4',6);
INSERT INTO DETALLESPEDIDOS(cantidad,ISBN,idpedido)VALUES(5,'1-55615-481-x',7);
INSERT INTO DETALLESPEDIDOS(cantidad,ISBN,idpedido)VALUES(5,'1-55615-670-7',7);
INSERT INTO DETALLESPEDIDOS(cantidad,ISBN,idpedido)VALUES(5,'1-55615-886-6',7);
INSERT INTO DETALLESPEDIDOS(cantidad,ISBN,idpedido)VALUES(8,'1-55615-822-x',8);
INSERT INTO DETALLESPEDIDOS(cantidad,ISBN,idpedido)VALUES(5,'1-57231-304-8',8);
INSERT INTO DETALLESPEDIDOS(cantidad,ISBN,idpedido)VALUES(12,'1-55615-481-x',9);
INSERT INTO DETALLESPEDIDOS(cantidad,ISBN,idpedido)VALUES(6,'1-55615-663-4',9);
INSERT INTO DETALLESPEDIDOS(cantidad,ISBN,idpedido)VALUES (3,'1-55615-815-7',9);
INSERT INTO DETALLESPEDIDOS(cantidad,ISBN,idpedido)VALUES(12,'1-55615-852-1',9);
INSERT INTO DETALLESPEDIDOS(cantidad,ISBN,idpedido)VALUES(1,'1-55615-906-4',9);
      